empleado_id,Nombre_Empleado,job_id,Departamento_id
1,Nombre 1,301,3
2,Nombre 2,302,3
3,Nombre 3,101,1
4,Nombre 4,202,2
5,Nombre 5,202,2
6,Nombre 6,202,2
7,Nombre 7,102,1
8,Nombre 8,202,2
9,Nombre 9,302,3
10,Nombre 10,201,2
11,Nombre 11,301,3
12,Nombre 12,101,1
13,Nombre 13,101,1
14,Nombre 14,301,3
15,Nombre 15,201,2
16,Nombre 16,102,1
17,Nombre 17,101,1
18,Nombre 18,102,1
19,Nombre 19,302,3
20,Nombre 20,102,1
21,Nombre 21,302,3
22,Nombre 22,101,1
23,Nombre 23,102,1
24,Nombre 24,301,3
25,Nombre 25,202,2
26,Nombre 26,101,1
27,Nombre 27,202,2
28,Nombre 28,302,3
29,Nombre 29,101,1
30,Nombre 30,201,2
31,Nombre 31,202,2
32,Nombre 32,101,1
33,Nombre 33,102,1
34,Nombre 34,202,2
35,Nombre 35,302,3
36,Nombre 36,202,2
37,Nombre 37,202,2
38,Nombre 38,101,1
39,Nombre 39,102,1
40,Nombre 40,102,1
41,Nombre 41,102,1
42,Nombre 42,101,1
43,Nombre 43,201,2
44,Nombre 44,301,3
45,Nombre 45,202,2
46,Nombre 46,202,2
47,Nombre 47,201,2
48,Nombre 48,301,3
49,Nombre 49,201,2
50,Nombre 50,101,1
51,Nombre 51,101,1
52,Nombre 52,301,3
53,Nombre 53,302,3
54,Nombre 54,302,3
55,Nombre 55,101,1
56,Nombre 56,301,3
57,Nombre 57,102,1
58,Nombre 58,301,3
59,Nombre 59,102,1
60,Nombre 60,201,2
61,Nombre 61,201,2
62,Nombre 62,101,1
63,Nombre 63,102,1
64,Nombre 64,102,1
65,Nombre 65,102,1
66,Nombre 66,102,1
67,Nombre 67,202,2
68,Nombre 68,202,2
69,Nombre 69,201,2
70,Nombre 70,202,2
71,Nombre 71,101,1
72,Nombre 72,202,2
73,Nombre 73,302,3
74,Nombre 74,301,3
75,Nombre 75,102,1
76,Nombre 76,201,2
77,Nombre 77,301,3
78,Nombre 78,202,2
79,Nombre 79,301,3
80,Nombre 80,301,3
81,Nombre 81,301,3
82,Nombre 82,202,2
83,Nombre 83,301,3
84,Nombre 84,301,3
85,Nombre 85,301,3
86,Nombre 86,101,1
87,Nombre 87,301,3
88,Nombre 88,202,2
89,Nombre 89,201,2
90,Nombre 90,302,3
91,Nombre 91,302,3
92,Nombre 92,302,3
93,Nombre 93,101,1
94,Nombre 94,102,1
95,Nombre 95,302,3
96,Nombre 96,102,1
97,Nombre 97,202,2
98,Nombre 98,101,1
99,Nombre 99,302,3
100,Nombre 100,101,1
